m,dim,trial,seed,linear,softmax,state_norm
2,8,0,42,0.5,1.0,4.928657675094701
2,8,1,43,1.0,1.0,4.807526714249741
2,8,2,44,0.5,1.0,5.553731341761829
2,8,3,45,0.5,1.0,4.30200033248377
2,8,4,46,1.0,1.0,4.684360573070388
2,8,5,47,0.5,1.0,4.1841768426710955
2,8,6,48,1.0,1.0,6.497595231139776
2,8,7,49,1.0,1.0,5.934794108497159
2,8,8,50,0.5,1.0,4.798413693100951
2,8,9,51,1.0,1.0,5.880064264590854
2,8,10,52,0.5,1.0,5.0958964115713705
2,8,11,53,1.0,1.0,5.557018596690214
2,8,12,54,1.0,1.0,6.13362496114418
2,8,13,55,1.0,1.0,6.77301118940187
2,8,14,56,0.5,1.0,5.171401630921386
2,8,15,57,1.0,1.0,6.150792323151559
2,8,16,58,0.5,0.5,3.100077566051387
2,8,17,59,1.0,1.0,6.352220882988898
2,8,18,60,1.0,1.0,6.848159477709735
2,8,19,61,0.5,1.0,6.6354512511460655
2,8,20,62,0.5,1.0,3.4562998373218825
2,8,21,63,1.0,1.0,8.037317228381445
2,8,22,64,1.0,1.0,4.7667161221241745
2,8,23,65,1.0,1.0,4.96607268145962
2,8,24,66,1.0,1.0,4.663264061933067
4,8,0,42,0.25,1.0,7.857238980651989
4,8,1,43,0.75,1.0,6.587587678792499
4,8,2,44,0.5,1.0,7.9874403574473085
4,8,3,45,0.75,1.0,5.511105369502091
4,8,4,46,0.75,1.0,7.628987177684138
4,8,5,47,0.5,1.0,7.173043838349002
4,8,6,48,0.5,1.0,8.527460502127507
4,8,7,49,0.5,0.75,9.772050300902716
4,8,8,50,0.25,1.0,6.496528433844098
4,8,9,51,0.75,1.0,7.848521542590262
4,8,10,52,0.25,0.75,7.308194436886238
4,8,11,53,0.75,0.5,8.416008230302268
4,8,12,54,0.75,1.0,8.38358820122164
4,8,13,55,0.75,1.0,10.061781479907348
4,8,14,56,0.5,1.0,9.354714024076246
4,8,15,57,0.5,1.0,8.482111405795184
4,8,16,58,0.25,0.75,5.913834598947212
4,8,17,59,0.75,1.0,9.290095938067912
4,8,18,60,0.75,1.0,9.209317907718596
4,8,19,61,0.25,1.0,7.845965371849812
4,8,20,62,0.25,1.0,7.475140329064244
4,8,21,63,0.5,1.0,9.826559083017536
4,8,22,64,0.75,1.0,7.729112034558303
4,8,23,65,0.5,1.0,8.517307003711762
4,8,24,66,0.5,0.75,7.7365317709664065
8,8,0,42,0.375,0.875,10.380967814176715
8,8,1,43,0.125,0.875,10.35380031214544
8,8,2,44,0.125,0.875,11.756264802351113
8,8,3,45,0.375,0.875,9.630963140012858
8,8,4,46,0.125,0.875,10.994520235508213
8,8,5,47,0.125,1.0,11.073132074100478
8,8,6,48,0.25,1.0,12.086705131785747
8,8,7,49,0.125,0.875,12.56525408204697
8,8,8,50,0.25,1.0,11.019659886725508
8,8,9,51,0.125,1.0,11.747625380726268
8,8,10,52,0.125,0.75,12.029058023190277
8,8,11,53,0.125,0.75,12.056060352534526
8,8,12,54,0.125,1.0,11.387673480154481
8,8,13,55,0.25,1.0,13.90400437329224
8,8,14,56,0.25,0.875,11.518847447699738
8,8,15,57,0.375,0.75,10.425694301136417
8,8,16,58,0.375,0.875,10.649803921814838
8,8,17,59,0.375,0.875,11.513483749921344
8,8,18,60,0.25,1.0,11.896145962945388
8,8,19,61,0.375,0.625,11.385978037962351
8,8,20,62,0.125,1.0,11.022486441307766
8,8,21,63,0.375,0.875,13.382877040567868
8,8,22,64,0.25,0.875,13.509484599782532
8,8,23,65,0.125,0.875,12.874263924033288
8,8,24,66,0.125,0.875,10.798089938962125
16,8,0,42,0.0625,0.4375,18.299269799439127
16,8,1,43,0.1875,0.375,19.273900115039726
16,8,2,44,0.125,0.4375,22.367705964768035
16,8,3,45,0.0625,0.375,20.585986306635185
16,8,4,46,0.125,0.375,21.073234505424466
16,8,5,47,0.0625,0.375,20.60965681139874
16,8,6,48,0.0625,0.4375,21.937698618101532
16,8,7,49,0.0625,0.375,22.350902060973624
16,8,8,50,0.1875,0.4375,20.389533277445796
16,8,9,51,0.0625,0.4375,20.653146340184108
16,8,10,52,0.0625,0.4375,21.630897620413716
16,8,11,53,0.0625,0.5,22.852203016590703
16,8,12,54,0.0625,0.4375,21.892975192321547
16,8,13,55,0.1875,0.5,23.596568128319323
16,8,14,56,0.125,0.4375,22.330398376218366
16,8,15,57,0.1875,0.375,20.37014656907514
16,8,16,58,0.0625,0.375,20.28640923341017
16,8,17,59,0.125,0.375,20.811653048276952
16,8,18,60,0.0625,0.4375,21.98127777518862
16,8,19,61,0.0625,0.4375,20.866887285665705
16,8,20,62,0.0625,0.5,20.214224357272112
16,8,21,63,0.0625,0.375,22.3923168201414
16,8,22,64,0.125,0.3125,22.436032192431615
16,8,23,65,0.1875,0.4375,22.592919193342592
16,8,24,66,0.0625,0.4375,19.75111850113824
32,8,0,42,0.03125,0.125,37.844836479406275
32,8,1,43,0.03125,0.15625,39.538529703731434
32,8,2,44,0.0625,0.1875,41.41164118126925
32,8,3,45,0.03125,0.15625,39.22160858746255
32,8,4,46,0.0625,0.1875,40.30472824786254
32,8,5,47,0.03125,0.15625,37.953321390445886
32,8,6,48,0.03125,0.125,37.711500027274305
32,8,7,49,0.0625,0.15625,43.03765748254422
32,8,8,50,0.03125,0.1875,40.49160793231078
32,8,9,51,0.03125,0.25,40.75509099431133
32,8,10,52,0.09375,0.1875,39.397732677558174
32,8,11,53,0.03125,0.15625,41.65680269736478
32,8,12,54,0.0625,0.21875,38.62226078383622
32,8,13,55,0.0625,0.21875,43.23727751944585
32,8,14,56,0.03125,0.125,41.333463871262104
32,8,15,57,0.03125,0.125,36.45766693629814
32,8,16,58,0.03125,0.1875,39.38485929259235
32,8,17,59,0.03125,0.1875,39.53393503092036
32,8,18,60,0.03125,0.1875,43.17593775815148
32,8,19,61,0.03125,0.09375,38.536638842234176
32,8,20,62,0.03125,0.1875,37.29995801353352
32,8,21,63,0.0625,0.21875,40.34662377872939
32,8,22,64,0.03125,0.0625,40.62162868797385
32,8,23,65,0.03125,0.1875,42.80888746708523
32,8,24,66,0.03125,0.1875,39.64760979445268
64,8,0,42,0.015625,0.0625,74.66420123500212
64,8,1,43,0.015625,0.09375,75.22834172009092
64,8,2,44,0.015625,0.078125,79.0021225728111
64,8,3,45,0.015625,0.109375,75.58466542749134
64,8,4,46,0.015625,0.09375,75.35288727946752
64,8,5,47,0.015625,0.0625,74.86091137700421
64,8,6,48,0.046875,0.046875,77.9664180861639
64,8,7,49,0.015625,0.03125,81.63922939413523
64,8,8,50,0.03125,0.078125,78.72767227433833
64,8,9,51,0.015625,0.046875,79.77323305212738
64,8,10,52,0.015625,0.046875,76.09978386418639
64,8,11,53,0.015625,0.0625,77.50997130344517
64,8,12,54,0.046875,0.09375,76.6218887328309
64,8,13,55,0.015625,0.078125,76.86900437084842
64,8,14,56,0.015625,0.0625,79.47664322008349
64,8,15,57,0.015625,0.078125,73.76470422328734
64,8,16,58,0.015625,0.046875,75.40798007645428
64,8,17,59,0.015625,0.078125,75.49999055108442
64,8,18,60,0.015625,0.046875,78.54237652174406
64,8,19,61,0.015625,0.0625,73.36519570786935
64,8,20,62,0.015625,0.0625,74.84074273132671
64,8,21,63,0.015625,0.078125,76.94040178428843
64,8,22,64,0.015625,0.046875,79.31551924355105
64,8,23,65,0.015625,0.03125,82.60504347532581
64,8,24,66,0.03125,0.078125,78.54750209503709
128,8,0,42,0.0078125,0.046875,147.71315074836204
128,8,1,43,0.0078125,0.0390625,148.0794343805592
128,8,2,44,0.0078125,0.03125,154.90405497516318
128,8,3,45,0.0078125,0.0390625,148.94964540826257
128,8,4,46,0.0078125,0.0234375,151.4515469824186
128,8,5,47,0.0078125,0.0234375,144.21725290176815
128,8,6,48,0.0078125,0.03125,154.91357357318475
128,8,7,49,0.0078125,0.03125,157.01737390701106
128,8,8,50,0.0078125,0.0390625,152.55346317561828
128,8,9,51,0.015625,0.0234375,153.49591488503245
128,8,10,52,0.015625,0.0234375,148.54768967202435
128,8,11,53,0.0078125,0.015625,149.9942946381871
128,8,12,54,0.0078125,0.0078125,146.13071301349055
128,8,13,55,0.0078125,0.03125,150.3029499847861
128,8,14,56,0.015625,0.0234375,155.89341104160798
128,8,15,57,0.0078125,0.0234375,151.47228518134435
128,8,16,58,0.0078125,0.0390625,149.05286608331534
128,8,17,59,0.0078125,0.0390625,149.6519577908998
128,8,18,60,0.0078125,0.0234375,149.1977688004646
128,8,19,61,0.0078125,0.03125,145.86017279064518
128,8,20,62,0.0078125,0.03125,149.67604660789684
128,8,21,63,0.0078125,0.015625,149.95166270380471
128,8,22,64,0.0078125,0.03125,149.40811833809445
128,8,23,65,0.0078125,0.0390625,157.32290588638617
128,8,24,66,0.0078125,0.0234375,147.73662310927497
2,16,0,42,1.0,1.0,7.157839854605739
2,16,1,43,1.0,1.0,7.2567562924389275
2,16,2,44,1.0,1.0,7.4347824563857605
2,16,3,45,1.0,1.0,5.30983567671764
2,16,4,46,1.0,1.0,7.4598841334559065
2,16,5,47,1.0,1.0,7.439980115269107
2,16,6,48,1.0,1.0,8.16039572687978
2,16,7,49,1.0,1.0,10.05677259170668
2,16,8,50,1.0,1.0,6.9844266607793175
2,16,9,51,1.0,1.0,8.36475192845384
2,16,10,52,1.0,1.0,7.859077325927618
2,16,11,53,1.0,1.0,7.6726383383225825
2,16,12,54,1.0,1.0,8.65358708230495
2,16,13,55,1.0,1.0,9.918524158463201
2,16,14,56,1.0,1.0,9.713527351549853
2,16,15,57,1.0,1.0,8.694168700524536
2,16,16,58,0.5,1.0,6.50551466620959
2,16,17,59,1.0,1.0,9.525004423359116
2,16,18,60,1.0,1.0,9.470787735948933
2,16,19,61,1.0,1.0,7.561054560143138
2,16,20,62,0.5,1.0,7.226463508672843
2,16,21,63,1.0,1.0,9.245928415989507
2,16,22,64,1.0,1.0,7.409316797955065
2,16,23,65,1.0,1.0,8.746605615649766
2,16,24,66,1.0,1.0,8.352482058628821
4,16,0,42,0.75,1.0,10.746442712438967
4,16,1,43,1.0,1.0,10.19437059253875
4,16,2,44,0.25,1.0,11.656394126872419
4,16,3,45,0.75,1.0,9.5570214140363
4,16,4,46,0.75,1.0,9.998841938300895
4,16,5,47,0.25,1.0,10.80745492391207
4,16,6,48,0.75,1.0,12.238612256565768
4,16,7,49,0.75,1.0,11.949054660087464
4,16,8,50,1.0,1.0,10.415163096090836
4,16,9,51,0.75,1.0,10.60081246777066
4,16,10,52,0.75,1.0,12.21554906161871
4,16,11,53,0.5,1.0,12.175501093984797
4,16,12,54,0.75,1.0,11.722028132478929
4,16,13,55,0.25,1.0,13.399444768375531
4,16,14,56,0.75,1.0,12.084766745062243
4,16,15,57,1.0,1.0,9.819340489677906
4,16,16,58,0.75,1.0,11.077317327500902
4,16,17,59,0.75,1.0,11.528623189502955
4,16,18,60,0.5,1.0,11.882033256418717
4,16,19,61,1.0,1.0,12.357185867424139
4,16,20,62,0.5,1.0,11.380873247030555
4,16,21,63,0.5,1.0,13.701525651492332
4,16,22,64,0.5,1.0,12.816744083494843
4,16,23,65,1.0,1.0,12.906037660596901
4,16,24,66,0.75,1.0,11.004706300344562
8,16,0,42,0.5,1.0,13.21238086602012
8,16,1,43,0.5,1.0,14.904353478405472
8,16,2,44,0.25,1.0,16.97887474483092
8,16,3,45,0.5,1.0,15.321995783876156
8,16,4,46,0.5,1.0,15.58170705631307
8,16,5,47,0.25,1.0,15.478660011919192
8,16,6,48,0.125,1.0,17.100265549099
8,16,7,49,0.375,1.0,17.072488452741474
8,16,8,50,0.5,1.0,16.02872371692475
8,16,9,51,0.375,1.0,17.310510183567946
8,16,10,52,0.125,1.0,15.869883683830789
8,16,11,53,0.25,1.0,17.387845601640738
8,16,12,54,0.25,1.0,16.636292231637228
8,16,13,55,0.125,1.0,17.302881629031283
8,16,14,56,0.25,0.875,17.043012157709516
8,16,15,57,0.5,1.0,15.115415488433037
8,16,16,58,0.5,1.0,16.436270565387623
8,16,17,59,0.375,0.875,15.75270584654619
8,16,18,60,0.25,1.0,16.97448568994012
8,16,19,61,0.25,1.0,16.115352481436208
8,16,20,62,0.125,0.875,15.16302423238468
8,16,21,63,0.125,1.0,16.94062051284718
8,16,22,64,0.375,1.0,17.195299189307683
8,16,23,65,0.625,1.0,18.494588150670623
8,16,24,66,0.25,1.0,15.30345904885672
16,16,0,42,0.0625,1.0,21.505647090166427
16,16,1,43,0.125,1.0,22.457641289284947
16,16,2,44,0.25,0.9375,23.64611177410661
16,16,3,45,0.0625,0.9375,22.12633012909683
16,16,4,46,0.0625,1.0,22.897288166651272
16,16,5,47,0.0625,1.0,21.910694125226645
16,16,6,48,0.125,1.0,22.524143518927005
16,16,7,49,0.0625,0.9375,24.66912211255519
16,16,8,50,0.125,1.0,23.257617167843172
16,16,9,51,0.0625,1.0,23.38198701819216
16,16,10,52,0.125,0.9375,22.47279667947667
16,16,11,53,0.0625,1.0,23.97050249007321
16,16,12,54,0.0625,1.0,22.882233590248365
16,16,13,55,0.0625,1.0,25.14290076619878
16,16,14,56,0.0625,0.9375,22.34017961647487
16,16,15,57,0.0625,1.0,20.93937034853259
16,16,16,58,0.125,1.0,22.74042692753141
16,16,17,59,0.0625,0.9375,21.658748916427875
16,16,18,60,0.1875,1.0,24.673519270674625
16,16,19,61,0.1875,1.0,21.969642976096342
16,16,20,62,0.125,0.9375,22.421077490814646
16,16,21,63,0.1875,1.0,23.084789894795126
16,16,22,64,0.0625,1.0,23.712312208721258
16,16,23,65,0.0625,1.0,24.913031965682634
16,16,24,66,0.125,0.9375,23.37872153743332
32,16,0,42,0.03125,0.40625,40.35088861896495
32,16,1,43,0.03125,0.5,41.25236386669086
32,16,2,44,0.0625,0.46875,42.347586736045045
32,16,3,45,0.03125,0.4375,41.987295766272986
32,16,4,46,0.03125,0.46875,40.51248453373475
32,16,5,47,0.0625,0.5,39.08114845596646
32,16,6,48,0.03125,0.46875,41.35980864775808
32,16,7,49,0.03125,0.5,44.29027840441447
32,16,8,50,0.03125,0.46875,43.44394327758245
32,16,9,51,0.0625,0.4375,43.405689987945586
32,16,10,52,0.03125,0.40625,41.48057385512107
32,16,11,53,0.03125,0.53125,41.630864583907844
32,16,12,54,0.0625,0.46875,41.87824737281679
32,16,13,55,0.03125,0.46875,42.48141961238005
32,16,14,56,0.03125,0.46875,43.458118350529794
32,16,15,57,0.0625,0.5,39.30968264817092
32,16,16,58,0.03125,0.40625,39.229922296635415
32,16,17,59,0.03125,0.4375,42.08293385432459
32,16,18,60,0.03125,0.46875,43.81944105587259
32,16,19,61,0.03125,0.5,41.18340877178522
32,16,20,62,0.03125,0.4375,40.02115735744779
32,16,21,63,0.03125,0.53125,42.214386112599165
32,16,22,64,0.03125,0.375,42.84507997926221
32,16,23,65,0.03125,0.4375,44.041419109321716
32,16,24,66,0.03125,0.4375,42.486276305346706
64,16,0,42,0.015625,0.234375,76.43857407078747
64,16,1,43,0.015625,0.203125,76.94790677084781
64,16,2,44,0.015625,0.171875,81.08330262677678
64,16,3,45,0.015625,0.1875,77.79872354670815
64,16,4,46,0.03125,0.21875,79.31724469768706
64,16,5,47,0.015625,0.203125,75.79038991473777
64,16,6,48,0.015625,0.234375,79.29799669012948
64,16,7,49,0.015625,0.171875,81.55502778294093
64,16,8,50,0.015625,0.140625,78.08193108283467
64,16,9,51,0.015625,0.171875,79.4339587944515
64,16,10,52,0.015625,0.1875,76.84561208463421
64,16,11,53,0.03125,0.203125,78.44478821168858
64,16,12,54,0.03125,0.234375,75.7311764778497
64,16,13,55,0.015625,0.1875,77.95465724036472
64,16,14,56,0.015625,0.203125,79.67367759247921
64,16,15,57,0.015625,0.203125,78.3114506194559
64,16,16,58,0.015625,0.21875,77.55381920460017
64,16,17,59,0.015625,0.21875,77.16842846328322
64,16,18,60,0.015625,0.1875,79.11785138741706
64,16,19,61,0.015625,0.203125,76.35609598110759
64,16,20,62,0.03125,0.1875,78.18465092129014
64,16,21,63,0.03125,0.21875,77.94375583714638
64,16,22,64,0.015625,0.15625,78.48971259922958
64,16,23,65,0.015625,0.203125,80.2344005101657
64,16,24,66,0.015625,0.1875,77.96627254365995
128,16,0,42,0.0078125,0.0859375,148.27347752585766
128,16,1,43,0.0078125,0.0703125,152.37126184173403
128,16,2,44,0.0078125,0.078125,153.52154859056816
128,16,3,45,0.0078125,0.078125,151.1684883129232
128,16,4,46,0.0078125,0.0859375,153.96350364820626
128,16,5,47,0.015625,0.1015625,153.26961065767236
128,16,6,48,0.0078125,0.078125,152.61729807179364
128,16,7,49,0.0078125,0.109375,158.2426047760812
128,16,8,50,0.0078125,0.0859375,150.8067233160173
128,16,9,51,0.0078125,0.0703125,151.56534190482083
128,16,10,52,0.0078125,0.09375,153.07439185521216
128,16,11,53,0.0078125,0.078125,153.33167415701615
128,16,12,54,0.0078125,0.09375,147.70344401117597
128,16,13,55,0.0078125,0.09375,148.7589405004886
128,16,14,56,0.0078125,0.1015625,157.84717590091248
128,16,15,57,0.0078125,0.1015625,151.59608405734454
128,16,16,58,0.0078125,0.0703125,154.76435895625562
128,16,17,59,0.0078125,0.0859375,149.92211181695515
128,16,18,60,0.0078125,0.1015625,149.99792864779627
128,16,19,61,0.0078125,0.0546875,151.57075373856776
128,16,20,62,0.0078125,0.0703125,152.9249205327959
128,16,21,63,0.0078125,0.0859375,149.69246172470952
128,16,22,64,0.0078125,0.09375,150.42206925725557
128,16,23,65,0.0078125,0.125,154.97649738346826
128,16,24,66,0.0078125,0.0625,154.60099464892377
2,32,0,42,1.0,1.0,11.288816529415966
2,32,1,43,1.0,1.0,10.367683109240357
2,32,2,44,1.0,1.0,12.437716771902311
2,32,3,45,0.5,1.0,9.025383925854085
2,32,4,46,1.0,1.0,9.167825381789172
2,32,5,47,1.0,1.0,10.53166371973108
2,32,6,48,1.0,1.0,12.75230742395728
2,32,7,49,1.0,1.0,11.49461692951796
2,32,8,50,1.0,1.0,9.657348305636228
2,32,9,51,1.0,1.0,11.269100106135626
2,32,10,52,1.0,1.0,12.420305164126862
2,32,11,53,1.0,1.0,11.473826178730006
2,32,12,54,1.0,1.0,11.61329813361601
2,32,13,55,1.0,1.0,14.103808394600753
2,32,14,56,1.0,1.0,11.33867128003265
2,32,15,57,1.0,1.0,9.708217344042701
2,32,16,58,1.0,1.0,11.124144088135207
2,32,17,59,1.0,1.0,11.14279687044364
2,32,18,60,1.0,1.0,12.385063597319936
2,32,19,61,1.0,1.0,11.862240017257808
2,32,20,62,1.0,1.0,12.12221629093044
2,32,21,63,1.0,1.0,12.892305182250047
2,32,22,64,0.5,1.0,11.317248203459215
2,32,23,65,1.0,1.0,12.026342999810959
2,32,24,66,1.0,1.0,10.352375149783668
4,32,0,42,1.0,1.0,12.985895714838332
4,32,1,43,0.75,1.0,15.20760005464858
4,32,2,44,1.0,1.0,17.03344111424385
4,32,3,45,1.0,1.0,15.031518398844609
4,32,4,46,1.0,1.0,15.43581717181057
4,32,5,47,0.5,1.0,15.602417834514608
4,32,6,48,0.5,1.0,17.055152005366505
4,32,7,49,0.75,1.0,17.090419203100275
4,32,8,50,1.0,1.0,16.24845864581649
4,32,9,51,1.0,1.0,17.31229256554664
4,32,10,52,0.5,1.0,15.689342509214047
4,32,11,53,0.75,1.0,17.188665355217125
4,32,12,54,1.0,1.0,17.763534451286375
4,32,13,55,1.0,1.0,17.349562288318648
4,32,14,56,0.75,1.0,16.873494917976117
4,32,15,57,1.0,1.0,15.014302835507362
4,32,16,58,0.75,1.0,16.810142709892546
4,32,17,59,0.75,1.0,15.660166848020788
4,32,18,60,1.0,1.0,17.358296024958698
4,32,19,61,0.5,1.0,16.107228586280275
4,32,20,62,1.0,1.0,15.590320672441173
4,32,21,63,1.0,1.0,17.905160019668322
4,32,22,64,0.75,1.0,16.67254696702829
4,32,23,65,0.75,1.0,18.621889153523405
4,32,24,66,0.75,1.0,15.308446438775471
8,32,0,42,0.25,1.0,20.893059842251066
8,32,1,43,0.25,1.0,22.892895722854743
8,32,2,44,0.375,1.0,23.70939469091765
8,32,3,45,0.125,1.0,22.06236418295561
8,32,4,46,0.375,1.0,24.318311650069834
8,32,5,47,0.125,1.0,21.63493645905887
8,32,6,48,0.25,1.0,23.15335673398975
8,32,7,49,0.25,1.0,23.597447871142982
8,32,8,50,0.375,1.0,23.299518364215732
8,32,9,51,0.25,1.0,24.198072387241943
8,32,10,52,0.25,1.0,22.23915201885057
8,32,11,53,0.125,1.0,23.649910969939754
8,32,12,54,0.25,1.0,22.626152680481898
8,32,13,55,0.5,1.0,25.419335946439475
8,32,14,56,0.25,1.0,22.43786482182877
8,32,15,57,0.25,1.0,21.14780454755195
8,32,16,58,0.375,1.0,22.861373744483597
8,32,17,59,0.375,1.0,21.802172185664148
8,32,18,60,0.5,1.0,25.014456125030286
8,32,19,61,0.25,1.0,22.76440569840355
8,32,20,62,0.125,1.0,22.62881131363121
8,32,21,63,0.5,1.0,23.785061004385287
8,32,22,64,0.125,1.0,23.690381347256253
8,32,23,65,0.375,1.0,25.60309327774019
8,32,24,66,0.25,1.0,22.38743385832507
16,32,0,42,0.1875,1.0,32.24408198676256
16,32,1,43,0.0625,1.0,31.374991106779753
16,32,2,44,0.0625,1.0,32.23969237414245
16,32,3,45,0.125,1.0,32.36096877890649
16,32,4,46,0.25,1.0,31.709343050078807
16,32,5,47,0.0625,1.0,29.777065379381032
16,32,6,48,0.0625,1.0,32.09453636990065
16,32,7,49,0.1875,1.0,35.21039149291014
16,32,8,50,0.0625,1.0,34.15792466604114
16,32,9,51,0.0625,1.0,32.99331885526641
16,32,10,52,0.0625,1.0,32.50907677577451
16,32,11,53,0.125,1.0,32.134401207650846
16,32,12,54,0.125,1.0,32.147266191307175
16,32,13,55,0.1875,1.0,33.49042175729433
16,32,14,56,0.125,1.0,33.02997506316514
16,32,15,57,0.125,1.0,30.01884963941409
16,32,16,58,0.0625,1.0,31.226835878549768
16,32,17,59,0.0625,1.0,33.26058621011976
16,32,18,60,0.1875,1.0,33.08781009349346
16,32,19,61,0.0625,1.0,31.700277813157978
16,32,20,62,0.0625,1.0,30.963675580265683
16,32,21,63,0.125,1.0,32.87520976480088
16,32,22,64,0.0625,1.0,32.006711837901605
16,32,23,65,0.1875,1.0,33.91925609745299
16,32,24,66,0.0625,1.0,33.07634527920238
32,32,0,42,0.0625,1.0,43.98830685463422
32,32,1,43,0.03125,1.0,44.20895778879447
32,32,2,44,0.09375,1.0,47.17658725838394
32,32,3,45,0.0625,1.0,44.854872335254655
32,32,4,46,0.03125,1.0,45.24644139520596
32,32,5,47,0.03125,1.0,42.53133605917115
32,32,6,48,0.0625,1.0,45.6346094522743
32,32,7,49,0.03125,1.0,46.01606183160203
32,32,8,50,0.03125,1.0,45.34809032523052
32,32,9,51,0.03125,1.0,45.30507231391857
32,32,10,52,0.03125,1.0,44.24299577115601
32,32,11,53,0.03125,1.0,45.64809616517471
32,32,12,54,0.0625,1.0,44.028980588592944
32,32,13,55,0.03125,1.0,44.480754184316375
32,32,14,56,0.03125,1.0,45.66341447521864
32,32,15,57,0.03125,1.0,44.897283610902925
32,32,16,58,0.03125,1.0,45.19095751516555
32,32,17,59,0.03125,1.0,43.830021716512235
32,32,18,60,0.0625,1.0,44.679840168788154
32,32,19,61,0.03125,1.0,43.61091524965509
32,32,20,62,0.03125,0.96875,44.968992642962235
32,32,21,63,0.03125,1.0,45.44262798066182
32,32,22,64,0.03125,1.0,44.645077366364845
32,32,23,65,0.03125,1.0,46.00734646134176
32,32,24,66,0.03125,1.0,44.65002725981591
64,32,0,42,0.015625,0.53125,79.51258936226235
64,32,1,43,0.015625,0.484375,81.51038889367975
64,32,2,44,0.015625,0.5,81.13660305910375
64,32,3,45,0.015625,0.546875,80.23721984401936
64,32,4,46,0.03125,0.515625,82.93423167485665
64,32,5,47,0.03125,0.5625,83.06694118599246
64,32,6,48,0.015625,0.53125,82.40678567717399
64,32,7,49,0.015625,0.546875,86.32556083479597
64,32,8,50,0.046875,0.484375,81.11831466915129
64,32,9,51,0.015625,0.546875,81.88796528515795
64,32,10,52,0.015625,0.546875,80.80644823677557
64,32,11,53,0.015625,0.53125,83.85218112530067
64,32,12,54,0.015625,0.515625,80.12836907808301
64,32,13,55,0.015625,0.546875,81.4068024720238
64,32,14,56,0.015625,0.5,84.49527085252761
64,32,15,57,0.015625,0.515625,83.22874769203928
64,32,16,58,0.015625,0.546875,82.14461245791072
64,32,17,59,0.015625,0.5,80.01275771322712
64,32,18,60,0.015625,0.53125,81.45396931367769
64,32,19,61,0.015625,0.515625,80.62920435752517
64,32,20,62,0.015625,0.515625,83.26107743656279
64,32,21,63,0.03125,0.53125,80.48262420672955
64,32,22,64,0.03125,0.546875,82.7648643309172
64,32,23,65,0.015625,0.53125,83.25763048802986
64,32,24,66,0.015625,0.5625,83.45103287571533
128,32,0,42,0.0078125,0.2578125,157.4117194733601
128,32,1,43,0.0078125,0.234375,155.5748901003883
128,32,2,44,0.0078125,0.25,160.44709590966207
128,32,3,45,0.0078125,0.265625,158.46826233964973
128,32,4,46,0.0078125,0.21875,153.9816850407459
128,32,5,47,0.0078125,0.2734375,156.7880568421846
128,32,6,48,0.015625,0.265625,155.40898037775986
128,32,7,49,0.0078125,0.2578125,160.7115856721066
128,32,8,50,0.0078125,0.2734375,155.59580871481688
128,32,9,51,0.0078125,0.234375,155.32840363819926
128,32,10,52,0.0078125,0.2578125,159.28225590363158
128,32,11,53,0.0078125,0.234375,156.47993782045728
128,32,12,54,0.0078125,0.2421875,156.67374853432554
128,32,13,55,0.0078125,0.265625,157.21716831693777
128,32,14,56,0.0078125,0.25,157.83418574540724
128,32,15,57,0.0078125,0.25,155.9299684000468
128,32,16,58,0.0078125,0.234375,159.07920539604646
128,32,17,59,0.0078125,0.2578125,155.09147791118613
128,32,18,60,0.0078125,0.2421875,158.94960585892892
128,32,19,61,0.0078125,0.2578125,157.9377600589345
128,32,20,62,0.015625,0.25,155.9230552055436
128,32,21,63,0.0078125,0.265625,154.21899399591024
128,32,22,64,0.0078125,0.2421875,156.2469812397155
128,32,23,65,0.0078125,0.25,158.45456514017528
128,32,24,66,0.0078125,0.234375,156.8288231607188
2,64,0,42,1.0,1.0,13.09760772827311
2,64,1,43,1.0,1.0,14.24491519484897
2,64,2,44,1.0,1.0,17.051476143401683
2,64,3,45,1.0,1.0,15.472239911151714
2,64,4,46,1.0,1.0,15.345914524213372
2,64,5,47,1.0,1.0,15.631504795849942
2,64,6,48,1.0,1.0,17.108049798370633
2,64,7,49,1.0,1.0,17.92337189363823
2,64,8,50,1.0,1.0,16.566482250356973
2,64,9,51,1.0,1.0,17.08613199272234
2,64,10,52,1.0,1.0,15.360243550147885
2,64,11,53,1.0,1.0,17.440910077550043
2,64,12,54,1.0,1.0,16.623568809325842
2,64,13,55,1.0,1.0,17.757852681850203
2,64,14,56,1.0,1.0,16.661204557900707
2,64,15,57,1.0,1.0,14.964523038641014
2,64,16,58,1.0,1.0,17.316528944032626
2,64,17,59,1.0,1.0,15.855306131242747
2,64,18,60,1.0,1.0,17.072731201011337
2,64,19,61,1.0,1.0,16.201593514289044
2,64,20,62,1.0,1.0,15.90051989305894
2,64,21,63,1.0,1.0,18.540108818435453
2,64,22,64,1.0,1.0,15.384399584362422
2,64,23,65,1.0,1.0,17.888543780746815
2,64,24,66,1.0,1.0,16.878739827983782
4,64,0,42,1.0,1.0,20.71976205133999
4,64,1,43,0.75,1.0,23.4564444736221
4,64,2,44,0.75,1.0,24.61225624058539
4,64,3,45,0.75,1.0,24.07670224316007
4,64,4,46,1.0,1.0,21.69482954726658
4,64,5,47,1.0,1.0,21.47343596963468
4,64,6,48,1.0,1.0,25.04632826190985
4,64,7,49,0.5,1.0,23.332511806873814
4,64,8,50,1.0,1.0,24.079069659013555
4,64,9,51,0.5,1.0,23.69567158571886
4,64,10,52,0.75,1.0,21.966419921239314
4,64,11,53,0.25,1.0,23.16969727520672
4,64,12,54,1.0,1.0,23.840920341832994
4,64,13,55,1.0,1.0,25.9055493701607
4,64,14,56,1.0,1.0,22.281228674306238
4,64,15,57,1.0,1.0,21.295215152792075
4,64,16,58,1.0,1.0,22.96638354168303
4,64,17,59,1.0,1.0,22.012194026235555
4,64,18,60,0.75,1.0,24.164722465757176
4,64,19,61,0.75,1.0,23.077857444481115
4,64,20,62,0.5,1.0,22.990348238972196
4,64,21,63,1.0,1.0,23.878699946523433
4,64,22,64,1.0,1.0,24.773641865711223
4,64,23,65,1.0,1.0,25.35549532837578
4,64,24,66,1.0,1.0,23.3300765292778
8,64,0,42,0.125,1.0,32.579723849002264
8,64,1,43,0.25,1.0,31.145112108513125
8,64,2,44,0.375,1.0,31.521985082685553
8,64,3,45,0.375,1.0,33.10692812704484
8,64,4,46,0.125,1.0,33.401956781147355
8,64,5,47,0.375,1.0,29.497190924084716
8,64,6,48,0.125,1.0,31.97891506966202
8,64,7,49,0.25,1.0,35.61217567202391
8,64,8,50,0.125,1.0,33.59397045225306
8,64,9,51,0.125,1.0,32.46700572432291
8,64,10,52,0.125,1.0,32.02241796327163
8,64,11,53,0.625,1.0,32.903542557425446
8,64,12,54,0.375,1.0,32.260069060583746
8,64,13,55,0.375,1.0,33.24026814032568
8,64,14,56,0.5,1.0,34.917465464508574
8,64,15,57,0.25,1.0,29.389146516716206
8,64,16,58,0.25,1.0,31.305815713213402
8,64,17,59,0.125,1.0,32.322263610036316
8,64,18,60,0.25,1.0,32.40434040886938
8,64,19,61,0.125,1.0,31.612152924369802
8,64,20,62,0.375,1.0,30.82335074403579
8,64,21,63,0.375,1.0,31.33352466822329
8,64,22,64,0.25,1.0,31.455120391516747
8,64,23,65,0.375,1.0,34.767778652710284
8,64,24,66,0.375,1.0,33.738925649441306
16,64,0,42,0.125,1.0,43.785781741347314
16,64,1,43,0.1875,1.0,43.88750467771367
16,64,2,44,0.0625,1.0,48.08240851042745
16,64,3,45,0.0625,1.0,43.44462488904908
16,64,4,46,0.0625,1.0,45.17673485660679
16,64,5,47,0.0625,1.0,42.00917497295982
16,64,6,48,0.0625,1.0,45.638828409722194
16,64,7,49,0.0625,1.0,47.051544210959996
16,64,8,50,0.0625,1.0,45.35510080138261
16,64,9,51,0.0625,1.0,46.228169154813585
16,64,10,52,0.0625,1.0,43.60009716437305
16,64,11,53,0.0625,1.0,45.541446696891825
16,64,12,54,0.125,1.0,43.653423437514284
16,64,13,55,0.1875,1.0,44.67003702076917
16,64,14,56,0.125,1.0,47.15035994995195
16,64,15,57,0.0625,1.0,44.622682509536105
16,64,16,58,0.125,1.0,45.84363297225789
16,64,17,59,0.0625,1.0,45.45966195410893
16,64,18,60,0.0625,1.0,43.956745022213106
16,64,19,61,0.0625,1.0,43.23246719602703
16,64,20,62,0.125,1.0,44.700733271720196
16,64,21,63,0.125,1.0,44.72575843496519
16,64,22,64,0.0625,1.0,44.54796512735545
16,64,23,65,0.0625,1.0,45.90739323771161
16,64,24,66,0.125,1.0,45.081632729814324
32,64,0,42,0.03125,1.0,60.85368325335615
32,64,1,43,0.03125,1.0,63.453515768045236
32,64,2,44,0.03125,1.0,62.22363433881767
32,64,3,45,0.03125,1.0,61.84337287192169
32,64,4,46,0.0625,1.0,65.67869878964065
32,64,5,47,0.03125,1.0,63.714223975706744
32,64,6,48,0.03125,1.0,63.142464283490625
32,64,7,49,0.03125,1.0,65.88632079361031
32,64,8,50,0.03125,1.0,63.02318517592818
32,64,9,51,0.03125,1.0,63.19867048991725
32,64,10,52,0.03125,1.0,61.08133445589087
32,64,11,53,0.03125,1.0,63.59886813696275
32,64,12,54,0.0625,1.0,63.19854195395392
32,64,13,55,0.03125,1.0,62.12225970500214
32,64,14,56,0.0625,1.0,65.06261821546579
32,64,15,57,0.03125,1.0,65.01702674412216
32,64,16,58,0.0625,1.0,64.1016797636799
32,64,17,59,0.03125,1.0,61.36371971615692
32,64,18,60,0.03125,1.0,61.76616569092005
32,64,19,61,0.03125,1.0,62.137344352049205
32,64,20,62,0.03125,1.0,65.4732051419284
32,64,21,63,0.03125,1.0,62.038576369908725
32,64,22,64,0.03125,1.0,63.53200896886424
32,64,23,65,0.0625,1.0,64.16643147802199
32,64,24,66,0.03125,1.0,63.967969963805956
64,64,0,42,0.015625,1.0,90.4763927714673
64,64,1,43,0.015625,1.0,89.70539694068185
64,64,2,44,0.015625,1.0,92.5515976760322
64,64,3,45,0.015625,1.0,92.67283530289104
64,64,4,46,0.015625,1.0,88.19535394959853
64,64,5,47,0.03125,1.0,89.2250648737471
64,64,6,48,0.015625,1.0,91.03803547354268
64,64,7,49,0.015625,1.0,91.1947062463264
64,64,8,50,0.03125,1.0,89.71276193351952
64,64,9,51,0.015625,1.0,89.56664997457501
64,64,10,52,0.015625,1.0,91.59660628443137
64,64,11,53,0.015625,1.0,89.57604572145776
64,64,12,54,0.015625,1.0,91.34999288062686
64,64,13,55,0.015625,1.0,91.96240269734793
64,64,14,56,0.015625,1.0,91.06738117770483
64,64,15,57,0.015625,1.0,89.06466004297214
64,64,16,58,0.03125,1.0,91.57745111890007
64,64,17,59,0.015625,1.0,88.36010221518865
64,64,18,60,0.015625,1.0,90.39369526233304
64,64,19,61,0.015625,1.0,91.16016609087397
64,64,20,62,0.015625,1.0,89.26159166923976
64,64,21,63,0.015625,1.0,88.77849410151197
64,64,22,64,0.015625,1.0,89.50797198389863
64,64,23,65,0.015625,1.0,91.17973199254682
64,64,24,66,0.015625,1.0,89.87549238938867
128,64,0,42,0.0078125,0.625,163.79628853286096
128,64,1,43,0.0078125,0.6953125,164.23137765953757
128,64,2,44,0.0078125,0.6953125,167.80116478739484
128,64,3,45,0.0078125,0.6875,166.1006522695889
128,64,4,46,0.0078125,0.6640625,164.8401082227783
128,64,5,47,0.0078125,0.703125,164.02260943963725
128,64,6,48,0.0078125,0.7421875,163.70985662618907
128,64,7,49,0.0078125,0.6484375,162.69372573589877
128,64,8,50,0.0078125,0.6640625,164.90537520763468
128,64,9,51,0.0078125,0.671875,168.7326547287632
128,64,10,52,0.0078125,0.734375,166.36218245409304
128,64,11,53,0.0078125,0.6796875,165.07828257215664
128,64,12,54,0.0078125,0.6953125,163.64371172781685
128,64,13,55,0.0078125,0.671875,167.42143425585695
128,64,14,56,0.0078125,0.7265625,167.08104213067176
128,64,15,57,0.0078125,0.7265625,167.68118099979347
128,64,16,58,0.0078125,0.6640625,165.04658803740722
128,64,17,59,0.0078125,0.6796875,166.937300193052
128,64,18,60,0.0078125,0.6875,164.8594778246726
128,64,19,61,0.0078125,0.6640625,166.50144952793372
128,64,20,62,0.0078125,0.65625,162.80880688257673
128,64,21,63,0.0078125,0.703125,164.75045267855268
128,64,22,64,0.0078125,0.6796875,166.07192016278037
128,64,23,65,0.0078125,0.65625,165.0865089915713
128,64,24,66,0.0078125,0.671875,166.46064533219942
