pos,pos_frac,trial,seed,correct
0,0.0,0,42,0.0
1,0.14285714285714285,0,42,1.0
2,0.2857142857142857,0,42,0.0
3,0.42857142857142855,0,42,1.0
4,0.5714285714285714,0,42,0.0
5,0.7142857142857143,0,42,0.0
6,0.8571428571428571,0,42,1.0
7,1.0,0,42,1.0
0,0.0,1,43,0.0
1,0.14285714285714285,1,43,1.0
2,0.2857142857142857,1,43,0.0
3,0.42857142857142855,1,43,0.0
4,0.5714285714285714,1,43,1.0
5,0.7142857142857143,1,43,1.0
6,0.8571428571428571,1,43,0.0
7,1.0,1,43,1.0
0,0.0,2,44,0.0
1,0.14285714285714285,2,44,0.0
2,0.2857142857142857,2,44,0.0
3,0.42857142857142855,2,44,0.0
4,0.5714285714285714,2,44,1.0
5,0.7142857142857143,2,44,0.0
6,0.8571428571428571,2,44,0.0
7,1.0,2,44,1.0
0,0.0,3,45,1.0
1,0.14285714285714285,3,45,0.0
2,0.2857142857142857,3,45,1.0
3,0.42857142857142855,3,45,1.0
4,0.5714285714285714,3,45,0.0
5,0.7142857142857143,3,45,0.0
6,0.8571428571428571,3,45,1.0
7,1.0,3,45,0.0
0,0.0,4,46,0.0
1,0.14285714285714285,4,46,1.0
2,0.2857142857142857,4,46,1.0
3,0.42857142857142855,4,46,1.0
4,0.5714285714285714,4,46,0.0
5,0.7142857142857143,4,46,0.0
6,0.8571428571428571,4,46,0.0
7,1.0,4,46,1.0
0,0.0,5,47,0.0
1,0.14285714285714285,5,47,0.0
2,0.2857142857142857,5,47,0.0
3,0.42857142857142855,5,47,1.0
4,0.5714285714285714,5,47,0.0
5,0.7142857142857143,5,47,0.0
6,0.8571428571428571,5,47,1.0
7,1.0,5,47,0.0
0,0.0,6,48,0.0
1,0.14285714285714285,6,48,1.0
2,0.2857142857142857,6,48,0.0
3,0.42857142857142855,6,48,0.0
4,0.5714285714285714,6,48,0.0
5,0.7142857142857143,6,48,0.0
6,0.8571428571428571,6,48,0.0
7,1.0,6,48,0.0
0,0.0,7,49,0.0
1,0.14285714285714285,7,49,1.0
2,0.2857142857142857,7,49,0.0
3,0.42857142857142855,7,49,1.0
4,0.5714285714285714,7,49,0.0
5,0.7142857142857143,7,49,0.0
6,0.8571428571428571,7,49,1.0
7,1.0,7,49,0.0
0,0.0,8,50,0.0
1,0.14285714285714285,8,50,0.0
2,0.2857142857142857,8,50,1.0
3,0.42857142857142855,8,50,1.0
4,0.5714285714285714,8,50,0.0
5,0.7142857142857143,8,50,1.0
6,0.8571428571428571,8,50,1.0
7,1.0,8,50,0.0
0,0.0,9,51,0.0
1,0.14285714285714285,9,51,0.0
2,0.2857142857142857,9,51,1.0
3,0.42857142857142855,9,51,0.0
4,0.5714285714285714,9,51,1.0
5,0.7142857142857143,9,51,0.0
6,0.8571428571428571,9,51,0.0
7,1.0,9,51,1.0
0,0.0,10,52,1.0
1,0.14285714285714285,10,52,0.0
2,0.2857142857142857,10,52,0.0
3,0.42857142857142855,10,52,0.0
4,0.5714285714285714,10,52,0.0
5,0.7142857142857143,10,52,0.0
6,0.8571428571428571,10,52,0.0
7,1.0,10,52,0.0
0,0.0,11,53,0.0
1,0.14285714285714285,11,53,0.0
2,0.2857142857142857,11,53,1.0
3,0.42857142857142855,11,53,0.0
4,0.5714285714285714,11,53,0.0
5,0.7142857142857143,11,53,0.0
6,0.8571428571428571,11,53,1.0
7,1.0,11,53,0.0
0,0.0,12,54,0.0
1,0.14285714285714285,12,54,1.0
2,0.2857142857142857,12,54,0.0
3,0.42857142857142855,12,54,0.0
4,0.5714285714285714,12,54,0.0
5,0.7142857142857143,12,54,1.0
6,0.8571428571428571,12,54,0.0
7,1.0,12,54,0.0
0,0.0,13,55,0.0
1,0.14285714285714285,13,55,0.0
2,0.2857142857142857,13,55,0.0
3,0.42857142857142855,13,55,0.0
4,0.5714285714285714,13,55,0.0
5,0.7142857142857143,13,55,0.0
6,0.8571428571428571,13,55,1.0
7,1.0,13,55,0.0
0,0.0,14,56,0.0
1,0.14285714285714285,14,56,1.0
2,0.2857142857142857,14,56,0.0
3,0.42857142857142855,14,56,0.0
4,0.5714285714285714,14,56,1.0
5,0.7142857142857143,14,56,0.0
6,0.8571428571428571,14,56,0.0
7,1.0,14,56,0.0
0,0.0,15,57,1.0
1,0.14285714285714285,15,57,0.0
2,0.2857142857142857,15,57,0.0
3,0.42857142857142855,15,57,1.0
4,0.5714285714285714,15,57,0.0
5,0.7142857142857143,15,57,1.0
6,0.8571428571428571,15,57,1.0
7,1.0,15,57,0.0
0,0.0,16,58,0.0
1,0.14285714285714285,16,58,0.0
2,0.2857142857142857,16,58,1.0
3,0.42857142857142855,16,58,0.0
4,0.5714285714285714,16,58,0.0
5,0.7142857142857143,16,58,1.0
6,0.8571428571428571,16,58,1.0
7,1.0,16,58,1.0
0,0.0,17,59,0.0
1,0.14285714285714285,17,59,1.0
2,0.2857142857142857,17,59,1.0
3,0.42857142857142855,17,59,0.0
4,0.5714285714285714,17,59,0.0
5,0.7142857142857143,17,59,0.0
6,0.8571428571428571,17,59,1.0
7,1.0,17,59,0.0
0,0.0,18,60,0.0
1,0.14285714285714285,18,60,1.0
2,0.2857142857142857,18,60,0.0
3,0.42857142857142855,18,60,0.0
4,0.5714285714285714,18,60,0.0
5,0.7142857142857143,18,60,0.0
6,0.8571428571428571,18,60,0.0
7,1.0,18,60,1.0
0,0.0,19,61,1.0
1,0.14285714285714285,19,61,0.0
2,0.2857142857142857,19,61,1.0
3,0.42857142857142855,19,61,0.0
4,0.5714285714285714,19,61,0.0
5,0.7142857142857143,19,61,0.0
6,0.8571428571428571,19,61,0.0
7,1.0,19,61,0.0
0,0.0,20,62,0.0
1,0.14285714285714285,20,62,0.0
2,0.2857142857142857,20,62,0.0
3,0.42857142857142855,20,62,0.0
4,0.5714285714285714,20,62,1.0
5,0.7142857142857143,20,62,0.0
6,0.8571428571428571,20,62,0.0
7,1.0,20,62,0.0
0,0.0,21,63,0.0
1,0.14285714285714285,21,63,0.0
2,0.2857142857142857,21,63,0.0
3,0.42857142857142855,21,63,0.0
4,0.5714285714285714,21,63,0.0
5,0.7142857142857143,21,63,0.0
6,0.8571428571428571,21,63,1.0
7,1.0,21,63,0.0
0,0.0,22,64,1.0
1,0.14285714285714285,22,64,0.0
2,0.2857142857142857,22,64,0.0
3,0.42857142857142855,22,64,0.0
4,0.5714285714285714,22,64,1.0
5,0.7142857142857143,22,64,0.0
6,0.8571428571428571,22,64,0.0
7,1.0,22,64,1.0
0,0.0,23,65,1.0
1,0.14285714285714285,23,65,1.0
2,0.2857142857142857,23,65,0.0
3,0.42857142857142855,23,65,0.0
4,0.5714285714285714,23,65,1.0
5,0.7142857142857143,23,65,1.0
6,0.8571428571428571,23,65,1.0
7,1.0,23,65,0.0
0,0.0,24,66,0.0
1,0.14285714285714285,24,66,0.0
2,0.2857142857142857,24,66,1.0
3,0.42857142857142855,24,66,1.0
4,0.5714285714285714,24,66,0.0
5,0.7142857142857143,24,66,0.0
6,0.8571428571428571,24,66,0.0
7,1.0,24,66,0.0
0,0.0,25,67,0.0
1,0.14285714285714285,25,67,0.0
2,0.2857142857142857,25,67,0.0
3,0.42857142857142855,25,67,0.0
4,0.5714285714285714,25,67,0.0
5,0.7142857142857143,25,67,1.0
6,0.8571428571428571,25,67,0.0
7,1.0,25,67,1.0
0,0.0,26,68,0.0
1,0.14285714285714285,26,68,1.0
2,0.2857142857142857,26,68,0.0
3,0.42857142857142855,26,68,0.0
4,0.5714285714285714,26,68,0.0
5,0.7142857142857143,26,68,0.0
6,0.8571428571428571,26,68,0.0
7,1.0,26,68,0.0
0,0.0,27,69,0.0
1,0.14285714285714285,27,69,0.0
2,0.2857142857142857,27,69,1.0
3,0.42857142857142855,27,69,0.0
4,0.5714285714285714,27,69,0.0
5,0.7142857142857143,27,69,1.0
6,0.8571428571428571,27,69,0.0
7,1.0,27,69,0.0
0,0.0,28,70,0.0
1,0.14285714285714285,28,70,0.0
2,0.2857142857142857,28,70,1.0
3,0.42857142857142855,28,70,1.0
4,0.5714285714285714,28,70,0.0
5,0.7142857142857143,28,70,0.0
6,0.8571428571428571,28,70,0.0
7,1.0,28,70,1.0
0,0.0,29,71,0.0
1,0.14285714285714285,29,71,0.0
2,0.2857142857142857,29,71,0.0
3,0.42857142857142855,29,71,1.0
4,0.5714285714285714,29,71,0.0
5,0.7142857142857143,29,71,1.0
6,0.8571428571428571,29,71,0.0
7,1.0,29,71,1.0
