file,cell,metric,mean,ci95
exp11_compress.csv,"N=2048,dim=16,alphabet=8",accuracy,0.675,0.147
exp11_compress.csv,"N=2048,dim=16,alphabet=64",accuracy,0.55,0.1561
exp11_compress.csv,"N=2048,dim=16,alphabet=-1",accuracy,0.65,0.1497
exp11_multihead.csv,"m=2,heads=1,head_dim=64",accuracy,1.0,0.0
exp11_multihead.csv,"m=4,heads=1,head_dim=64",accuracy,0.875,0.1096
exp11_multihead.csv,"m=8,heads=1,head_dim=64",accuracy,0.2708,0.0983
exp11_multihead.csv,"m=16,heads=1,head_dim=64",accuracy,0.0938,0.0418
exp11_multihead.csv,"m=32,heads=1,head_dim=64",accuracy,0.0365,0.0102
exp11_multihead.csv,"m=64,heads=1,head_dim=64",accuracy,0.0182,0.0051
exp11_multihead.csv,"m=128,heads=1,head_dim=64",accuracy,0.0078,0.0
exp11_multihead.csv,"m=2,heads=4,head_dim=32",accuracy,0.9167,0.1633
exp11_multihead.csv,"m=4,heads=4,head_dim=32",accuracy,0.7917,0.1967
exp11_multihead.csv,"m=8,heads=4,head_dim=32",accuracy,0.2917,0.1367
exp11_multihead.csv,"m=16,heads=4,head_dim=32",accuracy,0.0833,0.0408
exp11_multihead.csv,"m=32,heads=4,head_dim=32",accuracy,0.0469,0.0209
exp11_multihead.csv,"m=64,heads=4,head_dim=32",accuracy,0.0182,0.0051
exp11_multihead.csv,"m=128,heads=4,head_dim=32",accuracy,0.0078,0.0
exp11_multihead.csv,"m=2,heads=16,head_dim=16",accuracy,1.0,0.0
exp11_multihead.csv,"m=4,heads=16,head_dim=16",accuracy,0.6667,0.1633
exp11_multihead.csv,"m=8,heads=16,head_dim=16",accuracy,0.2708,0.0983
exp11_multihead.csv,"m=16,heads=16,head_dim=16",accuracy,0.0938,0.0418
exp11_multihead.csv,"m=32,heads=16,head_dim=16",accuracy,0.0365,0.0102
exp11_multihead.csv,"m=64,heads=16,head_dim=16",accuracy,0.0156,0.0
exp11_multihead.csv,"m=128,heads=16,head_dim=16",accuracy,0.0078,0.0
exp11_novelty.csv,"m=2,dim=16,mode=off",accuracy,1.0,0.0
exp11_novelty.csv,"m=4,dim=16,mode=off",accuracy,0.625,0.245
exp11_novelty.csv,"m=8,dim=16,mode=off",accuracy,0.4167,0.1033
exp11_novelty.csv,"m=16,dim=16,mode=off",accuracy,0.1042,0.0606
exp11_novelty.csv,"m=32,dim=16,mode=off",accuracy,0.0417,0.0129
exp11_novelty.csv,"m=64,dim=16,mode=off",accuracy,0.0182,0.0051
exp11_novelty.csv,"m=128,dim=16,mode=off",accuracy,0.0091,0.0026
exp11_novelty.csv,"m=2,dim=16,mode=soft-16",accuracy,0.8333,0.2066
exp11_novelty.csv,"m=4,dim=16,mode=soft-16",accuracy,0.5417,0.0817
exp11_novelty.csv,"m=8,dim=16,mode=soft-16",accuracy,0.3333,0.1033
exp11_novelty.csv,"m=16,dim=16,mode=soft-16",accuracy,0.0938,0.0418
exp11_novelty.csv,"m=32,dim=16,mode=soft-16",accuracy,0.0312,0.0
exp11_novelty.csv,"m=64,dim=16,mode=soft-16",accuracy,0.0156,0.0
exp11_novelty.csv,"m=128,dim=16,mode=soft-16",accuracy,0.0091,0.0026
exp11_novelty.csv,"m=2,dim=16,mode=soft-64",accuracy,0.8333,0.2066
exp11_novelty.csv,"m=4,dim=16,mode=soft-64",accuracy,0.5417,0.0817
exp11_novelty.csv,"m=8,dim=16,mode=soft-64",accuracy,0.3333,0.1033
exp11_novelty.csv,"m=16,dim=16,mode=soft-64",accuracy,0.0938,0.0418
exp11_novelty.csv,"m=32,dim=16,mode=soft-64",accuracy,0.0312,0.0
exp11_novelty.csv,"m=64,dim=16,mode=soft-64",accuracy,0.0156,0.0
exp11_novelty.csv,"m=128,dim=16,mode=soft-64",accuracy,0.0091,0.0026
exp11_novelty.csv,"m=2,dim=16,mode=hard-16-0.8",accuracy,1.0,0.0
exp11_novelty.csv,"m=4,dim=16,mode=hard-16-0.8",accuracy,0.625,0.245
exp11_novelty.csv,"m=8,dim=16,mode=hard-16-0.8",accuracy,0.4167,0.1033
exp11_novelty.csv,"m=16,dim=16,mode=hard-16-0.8",accuracy,0.1042,0.0606
exp11_novelty.csv,"m=32,dim=16,mode=hard-16-0.8",accuracy,0.0417,0.0129
exp11_novelty.csv,"m=64,dim=16,mode=hard-16-0.8",accuracy,0.0182,0.0051
exp11_novelty.csv,"m=128,dim=16,mode=hard-16-0.8",accuracy,0.0091,0.0026
exp11_perchannel.csv,"N=1024,dim=16,mode=scalar-0.99",accuracy,0.0,0.0
exp11_perchannel.csv,"N=1024,dim=16,mode=scalar-0.999",accuracy,0.5,0.3704
exp11_perchannel.csv,"N=1024,dim=16,mode=perchannel",accuracy,0.625,0.3586
exp11_shift.csv,"N=2048,dim=16,shift=0.0",accuracy,0.75,0.3208
exp11_shift.csv,"N=2048,dim=16,shift=1.0",accuracy,0.625,0.3586
exp11_shift.csv,"N=2048,dim=16,shift=2.0",accuracy,0.375,0.3586
exp11_shift.csv,"N=2048,dim=16,shift=4.0",accuracy,0.25,0.3208
exp12_chunksummary.csv,"N=4096,dim=16,mode=zero,chunk=1024,position_frac=0.1",accuracy,0.125,0.245
exp12_chunksummary.csv,"N=4096,dim=16,mode=zero,chunk=1024,position_frac=0.9",accuracy,0.75,0.3208
exp12_chunksummary.csv,"N=4096,dim=16,mode=summary,chunk=1024,position_frac=0.1",accuracy,0.125,0.245
exp12_chunksummary.csv,"N=4096,dim=16,mode=summary,chunk=1024,position_frac=0.9",accuracy,0.75,0.3208
exp12_chunksummary.csv,"N=4096,dim=16,mode=none,chunk=1024,position_frac=0.1",accuracy,0.375,0.3586
exp12_chunksummary.csv,"N=4096,dim=16,mode=none,chunk=1024,position_frac=0.9",accuracy,0.375,0.3586
exp12_frozen.csv,"N=2048,dim=16,mode=oracle-c",accuracy,0.875,0.245
exp12_frozen.csv,"N=2048,dim=16,mode=frozen-c",accuracy,0.375,0.3586
exp12_gatedm.csv,"m=2,dim=16,gamma=1.0",accuracy,1.0,0.0
exp12_gatedm.csv,"m=4,dim=16,gamma=1.0",accuracy,0.6562,0.1837
exp12_gatedm.csv,"m=8,dim=16,gamma=1.0",accuracy,0.375,0.1035
exp12_gatedm.csv,"m=16,dim=16,gamma=1.0",accuracy,0.1016,0.0459
exp12_gatedm.csv,"m=32,dim=16,gamma=1.0",accuracy,0.0391,0.01
exp12_gatedm.csv,"m=64,dim=16,gamma=1.0",accuracy,0.0176,0.0038
exp12_gatedm.csv,"m=128,dim=16,gamma=1.0",accuracy,0.0088,0.0019
exp12_gatedm.csv,"m=2,dim=16,gamma=0.99",accuracy,0.9375,0.1225
exp12_gatedm.csv,"m=4,dim=16,gamma=0.99",accuracy,0.6562,0.1837
exp12_gatedm.csv,"m=8,dim=16,gamma=0.99",accuracy,0.3594,0.0723
exp12_gatedm.csv,"m=16,dim=16,gamma=0.99",accuracy,0.0938,0.0327
exp12_gatedm.csv,"m=32,dim=16,gamma=0.99",accuracy,0.0391,0.01
exp12_gatedm.csv,"m=64,dim=16,gamma=0.99",accuracy,0.0195,0.005
exp12_gatedm.csv,"m=128,dim=16,gamma=0.99",accuracy,0.0078,0.0
exp12_gatedm.csv,"m=2,dim=16,gamma=0.9",accuracy,0.9375,0.1225
exp12_gatedm.csv,"m=4,dim=16,gamma=0.9",accuracy,0.625,0.2071
exp12_gatedm.csv,"m=8,dim=16,gamma=0.9",accuracy,0.2812,0.0612
exp12_gatedm.csv,"m=16,dim=16,gamma=0.9",accuracy,0.1094,0.0448
exp12_gatedm.csv,"m=32,dim=16,gamma=0.9",accuracy,0.0352,0.0077
exp12_gatedm.csv,"m=64,dim=16,gamma=0.9",accuracy,0.0195,0.005
exp12_gatedm.csv,"m=128,dim=16,gamma=0.9",accuracy,0.0068,0.0019
exp12_gatem.csv,"m=2,dim=16,mode=off",accuracy,1.0,0.0
exp12_gatem.csv,"m=4,dim=16,mode=off",accuracy,0.6562,0.1837
exp12_gatem.csv,"m=8,dim=16,mode=off",accuracy,0.375,0.1035
exp12_gatem.csv,"m=16,dim=16,mode=off",accuracy,0.1016,0.0459
exp12_gatem.csv,"m=32,dim=16,mode=off",accuracy,0.0391,0.01
exp12_gatem.csv,"m=64,dim=16,mode=off",accuracy,0.0176,0.0038
exp12_gatem.csv,"m=128,dim=16,mode=off",accuracy,0.0088,0.0019
exp12_gatem.csv,"m=2,dim=16,mode=hard-16-0.8",accuracy,1.0,0.0
exp12_gatem.csv,"m=4,dim=16,mode=hard-16-0.8",accuracy,0.6562,0.1837
exp12_gatem.csv,"m=8,dim=16,mode=hard-16-0.8",accuracy,0.375,0.1035
exp12_gatem.csv,"m=16,dim=16,mode=hard-16-0.8",accuracy,0.1016,0.0459
exp12_gatem.csv,"m=32,dim=16,mode=hard-16-0.8",accuracy,0.0391,0.01
exp12_gatem.csv,"m=64,dim=16,mode=hard-16-0.8",accuracy,0.0176,0.0038
exp12_gatem.csv,"m=128,dim=16,mode=hard-16-0.8",accuracy,0.0088,0.0019
exp12_hybridN.csv,"N=4096,dim=16,window=0,position_frac=0.1",accuracy,0.3333,0.4132
exp12_hybridN.csv,"N=4096,dim=16,window=0,position_frac=0.9",accuracy,0.3333,0.4132
exp12_hybridN.csv,"N=4096,dim=16,window=32,position_frac=0.1",accuracy,0.3333,0.4132
exp12_hybridN.csv,"N=4096,dim=16,window=32,position_frac=0.9",accuracy,0.3333,0.4132
exp12_hybridN.csv,"N=4096,dim=16,window=128,position_frac=0.1",accuracy,0.3333,0.4132
exp12_hybridN.csv,"N=4096,dim=16,window=128,position_frac=0.9",accuracy,0.3333,0.4132
exp12_hybridN.csv,"N=4096,dim=16,window=512,position_frac=0.1",accuracy,0.3333,0.4132
exp12_hybridN.csv,"N=4096,dim=16,window=512,position_frac=0.9",accuracy,1.0,0.0
exp12_multiseed.csv,"m=nan,N=4096.0,dim=16,gamma=1.0,mode=nan,precision=float64,position_frac=0.1,seed=43,probe=gated_gamma,feature_map=elu+1",accuracy,0.3,0.2994
exp12_multiseed.csv,"m=nan,N=4096.0,dim=16,gamma=0.9,mode=nan,precision=float64,position_frac=0.1,seed=43,probe=gated_gamma,feature_map=elu+1",accuracy,0.0,0.0
exp12_multiseed.csv,"m=nan,N=4096.0,dim=16,gamma=0.99,mode=nan,precision=float64,position_frac=0.1,seed=43,probe=gated_gamma,feature_map=elu+1",accuracy,0.1,0.196
exp12_multiseed.csv,"m=nan,N=4096.0,dim=16,gamma=0.999,mode=nan,precision=float64,position_frac=0.1,seed=43,probe=gated_gamma,feature_map=elu+1",accuracy,0.1,0.196
exp12_multiseed.csv,"m=nan,N=4096.0,dim=16,gamma=0.9999,mode=nan,precision=float64,position_frac=0.1,seed=43,probe=gated_gamma,feature_map=elu+1",accuracy,0.2,0.2613
exp12_multiseed.csv,"m=nan,N=4096.0,dim=16,gamma=nan,mode=fixed-1.0,precision=nan,position_frac=nan,seed=43,probe=selective,feature_map=nan",accuracy,0.3,0.2994
exp12_multiseed.csv,"m=nan,N=4096.0,dim=16,gamma=nan,mode=fixed-0.99,precision=nan,position_frac=nan,seed=43,probe=selective,feature_map=nan",accuracy,0.1,0.196
exp12_multiseed.csv,"m=nan,N=4096.0,dim=16,gamma=nan,mode=oracle,precision=nan,position_frac=nan,seed=43,probe=selective,feature_map=nan",accuracy,0.2,0.2613
exp12_multiseed.csv,"m=nan,N=1024.0,dim=16,gamma=nan,mode=scalar-0.99,precision=nan,position_frac=nan,seed=43,probe=perchannel,feature_map=nan",accuracy,0.1,0.196
exp12_multiseed.csv,"m=nan,N=1024.0,dim=16,gamma=nan,mode=scalar-0.999,precision=nan,position_frac=nan,seed=43,probe=perchannel,feature_map=nan",accuracy,0.6,0.3201
exp12_multiseed.csv,"m=nan,N=1024.0,dim=16,gamma=nan,mode=perchannel,precision=nan,position_frac=nan,seed=43,probe=perchannel,feature_map=nan",accuracy,0.7,0.2994
exp12_multiseed.csv,"m=nan,N=4096.0,dim=16,gamma=1.0,mode=nan,precision=float64,position_frac=0.1,seed=44,probe=gated_gamma,feature_map=elu+1",accuracy,0.3,0.2994
exp12_multiseed.csv,"m=nan,N=4096.0,dim=16,gamma=0.9,mode=nan,precision=float64,position_frac=0.1,seed=44,probe=gated_gamma,feature_map=elu+1",accuracy,0.0,0.0
exp12_multiseed.csv,"m=nan,N=4096.0,dim=16,gamma=0.99,mode=nan,precision=float64,position_frac=0.1,seed=44,probe=gated_gamma,feature_map=elu+1",accuracy,0.1,0.196
exp12_multiseed.csv,"m=nan,N=4096.0,dim=16,gamma=0.999,mode=nan,precision=float64,position_frac=0.1,seed=44,probe=gated_gamma,feature_map=elu+1",accuracy,0.1,0.196
exp12_multiseed.csv,"m=nan,N=4096.0,dim=16,gamma=0.9999,mode=nan,precision=float64,position_frac=0.1,seed=44,probe=gated_gamma,feature_map=elu+1",accuracy,0.2,0.2613
exp12_multiseed.csv,"m=nan,N=4096.0,dim=16,gamma=nan,mode=fixed-1.0,precision=nan,position_frac=nan,seed=44,probe=selective,feature_map=nan",accuracy,0.3,0.2994
exp12_multiseed.csv,"m=nan,N=4096.0,dim=16,gamma=nan,mode=fixed-0.99,precision=nan,position_frac=nan,seed=44,probe=selective,feature_map=nan",accuracy,0.1,0.196
exp12_multiseed.csv,"m=nan,N=4096.0,dim=16,gamma=nan,mode=oracle,precision=nan,position_frac=nan,seed=44,probe=selective,feature_map=nan",accuracy,0.2,0.2613
exp12_multiseed.csv,"m=nan,N=1024.0,dim=16,gamma=nan,mode=scalar-0.99,precision=nan,position_frac=nan,seed=44,probe=perchannel,feature_map=nan",accuracy,0.1,0.196
exp12_multiseed.csv,"m=nan,N=1024.0,dim=16,gamma=nan,mode=scalar-0.999,precision=nan,position_frac=nan,seed=44,probe=perchannel,feature_map=nan",accuracy,0.6,0.3201
exp12_multiseed.csv,"m=nan,N=1024.0,dim=16,gamma=nan,mode=perchannel,precision=nan,position_frac=nan,seed=44,probe=perchannel,feature_map=nan",accuracy,0.7,0.2994
exp12_randomgate.csv,"N=1024,dim=16,mode=fixed-0.99",accuracy,0.0,0.0
exp12_randomgate.csv,"N=2048,dim=16,mode=fixed-0.99",accuracy,0.125,0.245
exp12_randomgate.csv,"N=4096,dim=16,mode=fixed-0.99",accuracy,0.125,0.245
exp12_randomgate.csv,"N=8192,dim=16,mode=fixed-0.99",accuracy,0.0,0.0
exp12_randomgate.csv,"N=1024,dim=16,mode=oracle",accuracy,0.875,0.245
exp12_randomgate.csv,"N=2048,dim=16,mode=oracle",accuracy,0.75,0.3208
exp12_randomgate.csv,"N=4096,dim=16,mode=oracle",accuracy,0.25,0.3208
exp12_randomgate.csv,"N=8192,dim=16,mode=oracle",accuracy,0.25,0.3208
exp12_randomgate.csv,"N=1024,dim=16,mode=random",accuracy,0.0,0.0
exp12_randomgate.csv,"N=2048,dim=16,mode=random",accuracy,0.25,0.3208
exp12_randomgate.csv,"N=4096,dim=16,mode=random",accuracy,0.125,0.245
exp12_randomgate.csv,"N=8192,dim=16,mode=random",accuracy,0.0,0.0
exp12_stacked.csv,"N=4096,dim=16,mode=linear-only,position_frac=0.1",accuracy,0.375,0.3586
exp12_stacked.csv,"N=4096,dim=16,mode=linear-only,position_frac=0.9",accuracy,0.375,0.3586
exp12_stacked.csv,"N=4096,dim=16,mode=hybrid-only,position_frac=0.1",accuracy,0.375,0.3586
exp12_stacked.csv,"N=4096,dim=16,mode=hybrid-only,position_frac=0.9",accuracy,0.375,0.3586
exp12_stacked.csv,"N=4096,dim=16,mode=decayed-only,position_frac=0.1",accuracy,0.125,0.245
exp12_stacked.csv,"N=4096,dim=16,mode=decayed-only,position_frac=0.9",accuracy,0.125,0.245
exp12_stacked.csv,"N=4096,dim=16,mode=stacked,position_frac=0.1",accuracy,0.125,0.245
exp12_stacked.csv,"N=4096,dim=16,mode=stacked,position_frac=0.9",accuracy,0.125,0.245
exp12_survival.csv,"m=8,dim=16",accuracy,0.2833,0.1626
exp12_survival.csv,"m=8,dim=16",accuracy,0.3667,0.1754
exp12_survival.csv,"m=8,dim=16",accuracy,0.2833,0.1626
exp12_survival.csv,"m=8,dim=16",accuracy,0.3,0.1668
exp12_survival.csv,"m=8,dim=16",accuracy,0.3833,0.1755
exp5_gated_decay.csv,"N=4096,dim=16,gamma=1.0,precision=float64,position_frac=0.1,feature_map=elu+1",accuracy,0.4,0.2203
exp5_gated_decay.csv,"N=4096,dim=16,gamma=0.9,precision=float64,position_frac=0.1,feature_map=elu+1",accuracy,0.0,0.0
exp5_gated_decay.csv,"N=4096,dim=16,gamma=0.99,precision=float64,position_frac=0.1,feature_map=elu+1",accuracy,0.05,0.098
exp5_gated_decay.csv,"N=4096,dim=16,gamma=0.999,precision=float64,position_frac=0.1,feature_map=elu+1",accuracy,0.1,0.1349
exp5_gated_decay.csv,"N=4096,dim=16,gamma=0.9999,precision=float64,position_frac=0.1,feature_map=elu+1",accuracy,0.35,0.2145
exp5_precision_decay.csv,"N=2048,dim=16,gamma=0.99,precision=float64",accuracy,0.375,0.3586
exp5_precision_decay.csv,"N=2048,dim=16,gamma=0.999,precision=float64",accuracy,0.875,0.245
exp5_precision_decay.csv,"N=2048,dim=16,gamma=0.99,precision=float32",accuracy,0.375,0.3586
exp5_precision_decay.csv,"N=2048,dim=16,gamma=0.999,precision=float32",accuracy,0.875,0.245
exp5_precision_decay.csv,"N=2048,dim=16,gamma=0.99,precision=float16",accuracy,0.375,0.3586
exp5_precision_decay.csv,"N=2048,dim=16,gamma=0.999,precision=float16",accuracy,0.875,0.245
exp7_mNgrid.csv,"m=4,dim=16",accuracy,0.6562,0.1837
exp7_mNgrid.csv,"m=4,dim=16",accuracy,0.25,0.0
exp7_mNgrid.csv,"m=4,dim=16",accuracy,0.25,0.0
exp7_mNgrid.csv,"m=16,dim=16",accuracy,0.1016,0.0459
exp7_mNgrid.csv,"m=16,dim=16",accuracy,0.0625,0.0
exp7_mNgrid.csv,"m=16,dim=16",accuracy,0.0625,0.0
exp7_mNgrid.csv,"m=64,dim=16",accuracy,0.0176,0.0038
exp7_mNgrid.csv,"m=64,dim=16",accuracy,0.0156,0.0
exp7_mNgrid.csv,"m=64,dim=16",accuracy,0.0156,0.0
exp8_chunked.csv,"N=4096,dim=16,chunk=256",accuracy,0.125,0.245
exp8_chunked.csv,"N=4096,dim=16,chunk=1024",accuracy,0.125,0.245
exp8_chunked.csv,"N=4096,dim=16,chunk=4096",accuracy,0.375,0.3586
exp8_hybrid.csv,"N=1024,dim=16,window=0,position_frac=0.1",accuracy,0.875,0.245
exp8_hybrid.csv,"N=1024,dim=16,window=0,position_frac=0.9",accuracy,0.875,0.245
exp8_hybrid.csv,"N=1024,dim=16,window=8,position_frac=0.1",accuracy,0.875,0.245
exp8_hybrid.csv,"N=1024,dim=16,window=8,position_frac=0.9",accuracy,0.875,0.245
exp8_hybrid.csv,"N=1024,dim=16,window=32,position_frac=0.1",accuracy,0.875,0.245
exp8_hybrid.csv,"N=1024,dim=16,window=32,position_frac=0.9",accuracy,0.875,0.245
exp8_hybrid.csv,"N=1024,dim=16,window=128,position_frac=0.1",accuracy,0.875,0.245
exp8_hybrid.csv,"N=1024,dim=16,window=128,position_frac=0.9",accuracy,1.0,0.0
exp8_hybrid.csv,"N=1024,dim=16,window=1024,position_frac=0.1",accuracy,1.0,0.0
exp8_hybrid.csv,"N=1024,dim=16,window=1024,position_frac=0.9",accuracy,1.0,0.0
exp8_selective.csv,"N=4096,dim=16,mode=fixed-1.0",accuracy,0.4,0.2203
exp8_selective.csv,"N=4096,dim=16,mode=fixed-0.99",accuracy,0.05,0.098
exp8_selective.csv,"N=4096,dim=16,mode=oracle",accuracy,0.4,0.2203
